slang,normalisasi
100rb,100 ribu
10rb,10 ribu
10ribu,10 ribu
130rb,130 ribu
15mnt,15 menit
15rb,15 ribu
17rb,17 ribu
1bulan,1 bulan
1hari,1 hari
1jam,1 jam
1km,1 km
1thnan,1 tahunan
1x,1 kali
200jt,200 juta
200k,200 ribu
200rb,200 ribu
206ribu,206 ribu
20k,20 ribu
20kali,20 kali
20rb,20 ribu
20rban,20 ribuan
20ribu,20 ribu
21menit,21 menit
21rb,21 ribu
29rb,29 ribu
2bulan,2 bulan
2hari,2 hari
2harii,2 hari
2jam,2 jam
2kali,2 kali
2km,2 km
2ribu,2 ribu
2x,2 kali
30detik,30 detik
30k,30 ribu
30mnit,30 menit
30mnt,30 menit
30rb,30 ribu
30rban,30 ribuan
30ribu,30 ribu
35 menitan,35 menitan
36rb,36 ribu
38rb,38 ribu
3bln,3 bulan
3k,3000
3km,3 km
3menit,3 menit
3tahun,3 tahun
400rb,400 ribu
40menit,40 menit
40rb,40 ribu
40rban,40 ribuan
4km,4 km
4x,4 kali
50k,50000
50menit,50 menit
50rb,50 ribu
50ribu,50 ribu
52rb,52 ribu
55rb,55 ribu
55ribu,55 ribu
5km,5 km
5mnitlebihan,5 menit lebihan
5rb,5 ribu
5th,5 tahun
60menit,60 menit
65rb,65 ribu
7hati,7 hari
7x,7 kali
8kali,8 kali
90menit,90 menit
9rb,9 ribu
aabar,sabar
aammiin,aamiin
aaps,aplikasi
abang2,abang-abang
abg,abang
abiss,abis
abisss,abis
abng,abang
ad,ada
adaa,ada
adaaa,ada
adillll,adil
ae,aja
aer,air
aering,sering
aflikasi,aplikasi
after,setelah
aga,agak
agak2,agak-agak
aggak,agak
aggro,argo
agk,agak
ahhh,ah
ahirnya,akhirnya
aj,aja
ajaa,aja
ajah,aja
ajg,anjing
ajh,aja
ajha,aja
ajj,aja
ajses,akses
ak,aku
akaaaallll,akal
akal2an,akal-akalan
akhir2,akhir-akhir
akhornya,akhirnya
akn,akan
aktifitas,aktivitas
aktiv,aktif
akun2,akun-akun
akunt,akun
alamatny,alamatnya
alamt,alamat
alamtnya,alamatnya
alhamsulillah,alhamdulillah
alhmdulillah,alhamdulillah
alpication,aplikasi
ama,sama
amah,amanah
aman2,aman-aman
amanh,amanah
ambil2,ambil-ambil
ambill,ambil
ampe,sampai
ampek,sampai
ampenyaaaaa,sampainya
ampunnnnnn,ampun
amt,amat
anaeh,aneh
anag,abang
anaka,anak
aneh2,aneh-aneh
anehh,aneh
anehhh,aneh
anehhhh,aneh
anehya,anehnya
anj,anijing
anjeeenkk,anjing
anjenk,anjing
anjg,anjing
ank,anak
anterr,anter
antr,antar
aorang,orang
ap,apa
apa2,apa-apa
apaa,apa-apa
apaaan,apaan
apaaan2,apa-apaan
apaanya,apanya
apagi,apalagi
apalag,apalagi
apalahhh,apalah
apdute,update
aph,apa
apk,aplikasi
apkna,aplikasinya
apkny,aplikasinya
apl,aplikasi
aplasi,aplikasi
aplgi,apalagi
aplicator,aplikator
aplikadi,aplikasi
aplikas,aplikasi
aplikasi2,aplikasi-aplikasi
aplikasih,aplikasi
aplikasii,aplikasi
aplikasiii,aplikasi
aplikasinhaaa,aplikasinya
aplikasinu,aplikasinya
aplikasiny,aplikasinya
aplikaso,aplikasi
aplikasu,aplikasi
aplikatator,aplikator
aplikis,aplikasi
aplilasi,aplikasi
aplimasi,aplikasi
aplk,aplikasi
aplkasi,aplikasi
aplksinya,aplikasinya
apls,aplikasi
aplukasinya,aplikasinya
app,aplikasi
applikas,aplikasi
applikasi,aplikasi
apps,aplikasi
appssss,aplikasi
aps,aplikasi
aq,aku
aqoe,aku
asal2,asal-asal
asal2an,asal-asalan
ashopepod,shopee food
asik2,asik-asik
asyiik,asik
asyik,asik
asyikkk,asik
ataw,atau
atitutd,attitude
atmin,admin
ats,atas
atw,atau
auhannn,asuhan
awal2,awal-awal
awsome,awesome
ayolaahh,ayolah
b1,bintang 1
baagus,bagus
baek,baik
baek2,baik-baik
baget,banget
bagoooosssss,bagus
baguss,bagus
bagusss,bagus
bagusssd,bagus
bagussss,bagus
baguuuus,bagus
baik2,baik-baik
baikinnnnnnnnnnn,baikin
baikk,baik
baikkkk,baik
balas2,balas-balas
balek,balik
bangat,banget
banged,banget
bangeeeeeeetttt,banget
bangeeet,banget
bangeettttt,banget
banger,banget
bangett,banget
bangettt,banget
bangetttt,banget
bangettttt,banget
bangetttttt,banget
bangettttttt,banget
bangetttttttt,banget
bangettttttttttt,banget
bangeut,banget
bangget,banget
banggggget,banget
bangt,banget
bangus,bagus
banhet,banget
banjir2,banjir-banjir
bantuan2,bantuan-bantuan
banyaaak,banyak
banyak2,banyak-banyak
banyak2in,banyak-banyakin
banyakk,banyak
banyao,banyak
bapak2,bapak-bapak
barangdan,barang dan
batakal,batalkan
batalinn,batalin
batelin,batalin
bauk,bau
bawa2,bawa-bawa
baxxi,babi
bayak,banyak
bayarr,bayar
bbrapa,beberapa
bbrp,beberapa
bbrpa,bebbrapa
bbyak,banyak
bda,beda
beda2,beda-beda
bedaaaaaa,beda
bedulll,betul
beeeeeest,best
beeeesstt,best
beei,beri
beginiiii,begini
begoo,bego
belakng,belakang
belit2,belit-belit
benar2,benar-benar
bene,benar
bener2,benar-benar
benerrrrrrr,benar
benerrrrrrrrrr,bener
benr,bener
bentar2,bentar-bentar
berabad2,berabad-abad
berangkt,berangkat
beratt,berat
bergunaaa,berguna
berhari2,berhari-hari
berih2,bersih-bersih
berjam2,berjam-jam
berkali2,berkali-kali
berlangann,berlangganan
bermanfaatt,bermanfaat
bermanpaat,bermanfaat
berminggu2,berminggu-minggu
berngkat,berangkat
berpa,berapa
bertahun2,bertahun-tahun
bertele2,bertele-tele
bertransfortasi,bertransportasi
bestt,best
bet,banget
betul2,betul-betul
bgd,banget
bget,banget
bgimana,bagaimana
bgini,begini
bgitu,begitu
bgni,begini
bgs,bagus
bgt,banget
bgtt,banget
bgttt,banget
bgtttt,banget
bgttttt,banget
bgtu,begitu
bgud,bagus
bgus,bagus
bgusin,bagusin
bguss,bagus
bgusss,bagus
bgussss,bagus
bgwd,banget
bhkan,bahkan
biasany,biasanya
bigung,bingung
bikim,bikin
bil,ambil
binggung,bingung
bintak,bintang
bintng,bintang
bisa2,bisa-bisa
bkan,bukannya
bkerja,bekerja
bkin,bikin
bklan,bakalan
bkn,bukan
bknya,bukannya
blanja,belanja
blanjanya,belanjanya
blg,bilang
blik,balik
blm,belum
bln,bulan
bls,balas
blum,belum
bnar,benar
bner,bener
bner2,benar-benar
bnerin,benerin
bnget,banget
bngett,banget
bngettt,banget
bngt,banget
bngtt,banget
bnr,benar
bnr2,benar-benar
bntang,bintang
bny,banyak
bnyak,banyak
bnyk,banyak
bnykkk,banyak
bodh,bodoh
boro2,boro-boro
bosss,bos
bpk,bapak
br2,baru-baru
brapa,berapa
brengsek2x,brengsek-brengsek
brgkt,berangkat
brhasil,berhasil
brjam,berjam-jam
brmanfaat,bermanfaat
brmasalah,bermasalah
brp,berapa
brpa,berapa
brtahun2,bertahun-tahun
brtambah,bertmabah
bru,baru
brubah,berubah
bs,bisa
bs2,bisa-bisa
bsa,bisa
bsget,banget
bsik,baik
bskny,besoknya
bspindah,berpindah
bsrang,barang
btalin,batalin
btalinn,batalin
bth,butuh
buagusss,bagus
buang2,buang-buang
buangeetttt,banget
buanget,banget
bukam,bukan
bulann,bulanan
bulannnn,bulanan
burikkk,burik
burruuuuukkkkk,buruk
buru2,buru-buru
burukk,buruk
burukkkk,buruk
buruuk,buruk
buruuuuk,buruk
buseeng,buset
busett,buset
busettt,buset
busukkk,busuk
butihkan,butuhkan
butu,butuh
butuhh,butuh
bwa,bawa
byarnya,bayarnya
byee,bye
byeee,bye
byeeee,bye
byk,banyak
bykin,banyakin
byr,bayar
calon2,calon-calon
cancelny,cancelnya
cancle,cancel
cansel,cancel
capek2,capek-capek
carii,cari
carr,car
castamer,customer
castemer,customer
caustamer,customer
cb,coba
ccel,cancel
ccl,cancel
cek2,cek-cek
ceki2,ceki-ceki
cencel,cancel
censel,cancel
centre,center
ceoat,cepat
cepa,cepat
cepat2,cepat-cepat
cepattt,cepat-cepat
cepeet,cepat
cepet2,cepat-cepat
chatt,chat
cht,chat
chuan,cuan
ciba,coba
ckp,cukup
ckup,cukup
cm,cuma
cma,cuma
cmn,cuman
cntoh,contoh
coab,coba
coba2,coba-coba
cobaaa,coba
complin,complaint
costmer,customer
costumer,customer
costumers,customer
cpt,cepat
cri,cari
crito,cerita
cs,customer service
csnnya,customernya
csnya,customer servicenya
cst,customer
cstm,customer
cstmer,customer
cth,contoh
cuana,cuaca
cuatumer,customer
cuma2,cuma-cuma
cumaaa,cuma
curiii,curi
cus,customer
cust,customer
custamer,customer
custemer,customer
custemernya,customernya
custmer,customer
customer2,customer-customer
custumer,customer
cuyyy,cuy
d,di
da,dan
dacc,di acc
dafakan,dadakan
dahhh,dah
dahhhh,dah
dajallll,dajal
dannn,dan
dapat2,dapat-dapat
daperr,dapet
dapet,dapat
dapet2,dapat-dapat
daptr,dapat
dapwt,dapat
dasarrrrrrrr,dasar
data2,data-data
datang2,datang-datang
dateng2,datang-datang
datng2,datang-datang
dbandingkan,dibandingkan
dblokir,diblokir
dbuka,dibuka
ddriver,driver
dech,deh
dechhh,deh
dehh,deh
dehhh,deh
dehhhh,deh
deivernya,drivernya
dekat2,dekat-dekat
dekef,deket
deket2,dekat-dekat
denga,dengan
dengn,dengan
derama,drama
deriver,driver
dev,developer
devernya,drivernya
dg,dengan
dgan,dengan
dgn,dengan
dgr,dengar
dh,udah
diajukn,diajukan
diakonnya,diskonnya
diantark,diantar
diat,dia
dibalas2,dibalas-balas
dibales2,dibales-bales
dibatalim,dibatalin
dibeda2in,dibeda-bedain
dibentark2,dibentak-bentak
dibiar2in,dibiar-biarin
dibls,dibales
dibuat2,dibuat-buat
dicamcel,dicancel
dicansel,dicancel
dicencel,dicancel
dichatt,dichat
didonlot,didownload
dieum,diem
difrank,diprank
diinstal,diinstall
dijakarta,di jakarta
dijkrta,di jakarta
dijlan,di jalan
dikalaa,dikala
dikasi,dikasih
dikitlh,dikit lah
dikitt,dikit
diksh,dikasih
dikshnya,dikasihnya
diksih,dikasih
dilama2in,dilama-lamain
dimaki2,dimaku-maki
dimana2,dimana-mana
dimna,di mana
dinemput,dijemput
dipikir2,dipikir-pikir
dipsn,dipesan
diriver,driver
dirmh,di rumah
dirver,driver
disc,diskon
discon,diskon
discoun,discount
discounan,diskonan
disinih,di sini
diskonny,diskonnya
diskonnyaa,diskonnya
disruh,disuruh
ditelp,ditelepon
ditgguin,ditungguin
ditingkatkam,ditingkatkan
ditrik,ditarik
diujung2,diujung-ujung
dkasih,dikasih
dkat,dekat
dket2,deket-deket
dkit,dikit
dksh,dikasih
dkt,dekat
dl,dulu
dlm,dalam
dlu,dulu
dluu,dulu
dmn,di mana
dmnpun,dimanapun
dn,dan
dngn,dengan
do,di
dobenerin,dibenerin
doble,double
dolo,dulu
dolot,download
dongg,dong
donggg,dong
donkk,dong
donload,download
donlod,download
donlot,download
doqng,daong
dpake,dipake
dpat,dapat
dperbaiki,diperbaiki
dpet,dapat
dpet2,dapet-dapet
dpn,depan
dpt,dapat
dpt2,dapet-dapet
dptny,dapatnya
dptnya,dapatnya
dr,dari
draevernya,draevernya
draifer,driver
draifermya,drivenya
draiver,driver
draivernya,drivernya
draver,driver
dravernya,drivernya
dravir,driver
drefer,driver
dreferny,drivernya
dreiver,driver
drever,driver
drevernya,drivernya
dri,dari
driber,driver
driernya,drivernya
drifer,driver
driiver,driver
dripr,driver
driv,driver
driveenya,drivernya
driver2,driver-driver
driver2nya,driver-drivernya
driverna,drivernya
drivernua,drivernya
driverny,drivernya
drivernyaa,drivernya
drivernyaaa,drivernya
driverr,driver
driverrr,driver
driverrrrrr,driver
driverw,driver
drivet,driver
drpd,daripada
drver,driver
drvwrnya,drivernya
dsri,dari
dtangguhkan,ditangguhkan
dtangnya,datangnya
dtemukan,ditemukan
dtg,datang
dtg2,datang-datang
dtng,datang
dtngny,datangnya
dtngnya,datangnya
duid,duit
duit2,duit-duit
duluuuu,dulu
dwld,download
dwload,download
dwonload,download
dy,dia
eaya,saya
eazy,easy
eberapa,beberapa
eeeh,eh
eeehh,eh
eehhh,eh
egk,nggak
ekpres,express
ekspress,express
ellor,error
emg,emang
emng,emang
emnunggu,menunggu
enaaak,enak
enak2,enak-enak
endak,nggak
endignya,endingnya
engak,nggak
enggab,enggan
enggapapa,ngga apa-apa
enggk,nggak
enk,enak
evesions,efisien
exprees,express
expres,express
expressssss,express
face,muka
faham,paham
fan,dan
ferfeck,perfect
fhoto,photo
fi,diskon
fikir,pikir
frevernya,drivernya
g,gak
ga,gak
gaa,gak
gaada,gak ada
gaadtg,dak datang
gabisaaa,gak bisa
gabiss,gak bisa
gacor,gocar
gacorr,gacor
gad,gak
gada,gak ada
gadaaaaaa,gak ada
gadak,gak ada
gadapet,gak dapat
gadapet2,gak dapat-dapat
gaeeessss,guys
gag,gak
gagal2,gagal-gagal
gajelas,gak jelas
gajelass,gak jelas
gajelasss,gak jelas
gajelassssss,gak jelas
gajelasssssss,gajelas
gajih,gaji
gamao,gamau
gamau,gak mau
gandozzz,gandos
gangejamin,gak menjamin
gapake,gak pakai
gara2,gara-gara
gatal2,gatal-gatal
gausa,gausah
gax,gak
gbisa,gak bisa
gblk,goblok
gblok,goblok
gbs,gak bisa
gbsa,gak bisa
gd,gak ada
gda,gak ada
gdapat,gak dapat
gebrak2,gebrak-gebrak
gedorrrrr,gedor
gembell,gembel
gerecep,gercep
geser2,geser-geser
gfood,gofood
gg,gang
ggl,gagal
gijek,gojek
gila2nya,gila-gilanya
gilaa,gila
gilaaa,gila
gilaaaa,gila
gilak,gila
gilakk,gila
gimna,gimana
gitu2,gitu-gitu
gituu,gitu-gitu
gjelas,gak jelas
gjlas,gak jelas
gjls,gajelas
gk,gak
gk2,gak-gak
gka,gak
gkada,gak ada
gmana,gimana
gmau,gak mau
gmn,gimana
gmna,gimana
gmpg,gampang
gmw,gak mau
gni,gini
gnti,ganti
go ride,goride
gocarr,gocar
gocat,gocar
gocengg,goceng
god,good
goddddd,good
godjob,goodjob
gofiod,gofood
gofod,gofood
gofud,go food
gofuud,gofood
gojeg,gojek
gojekgaadajalan,gojek gak ada jalan
gojekk,gojek
gojekkk,gojek
gojekkkk,gojek
gojekndi,gojek di
gojekx,gojeknya
gojel,gojek
gojeq,gojek
gojg,gojek
gojwk,gojek
gokar,gocar
gokarnya,gocar nya
gokill,gokil
gokilll,gokil
golek,gojek
goodd,good
goodjob,good job
goofod,gofood
gooodd,good
gooodddd,good
gooood,good
goooodddddd,good
gooooood,good
gopaylatter,gopaylater
gopayy,gopay
gopod,gofood
gopood,go food
goppy,gopay
gopud,gofood
gored,goride
gorid,goride
gpp,gapapa
gr,gara
gra,gara
grap,grab
grepcar,grabcar
grgr,gara-gara
gt,gitu
gtau,gak tau
gtu,gitu
gud,good
gueh,gua
guns,guna
guud,good
gw,gua
gx,gak
habis2an,habis-habisan
habisssss,habis
habistu,habis itu
hadeehh,haduh
hadeh,haduh
hadehh,hadeh
hadehhh,haduh
hadehhhhh,hadeh
hadehhhhhhh,haduh
hadeuhh,haduh
hadeuhhhhh,haduh
haduhh,haduh
haega,harga
haeus,harus
hal2,hal-hal
hampr,hampir
hamya,hanya
hapua,hapus
hapuuuss,hapus
harga2,harga-harga
hargo,argo
haruss,harus
hati2,hati-hati
hbis,habis
hbs,habis
hdeh,haduh
hebattt,hebat
heduh,haduh
hekker,hacker
hemt,hemat
herann,heran
heuhh,haduh
hhe,hehehe
hilng,hilang
hinga,hingga
hlngkan,hilangkan
hnya,hanya
hoaxxxxxxx,hoax
hpir,hampir
hpus,hapus
hr,hari
hrg,harga
hri,hari
hrs,harus
hrus,harus
hrusnya,harusnya
hujaaan,hujan
hujan2,hujan-hujan
hujann,hujan
hususnya,khususnya
hya,hanya
ihh,ih
iklann,iklan
ikut2an,ikut-ikutan
ilang2an,ilang-ilangan
iming2,iming-iming
improv3,improve
inklannya,iklannya
instal,install
install,instal
intan,instan
istrii,istri
Itung2,itung-itung
ituuuu,itu
ja,aja
jadi2,jadi-jadi
jadinyaaaaaa,jadinya
jaga2,jaga-jaga
jalan2,jalan-jalan
jali,kali
jam2,jam-jam
jamm,jam
janagn2,jangan-jangan
jarang2,jarang-jarang
jasanyaa,jasanya
jauh2,jauh-jauh
jauhh,jauh
jauuh,jauh
jauuuh,jauh
jawabn,jawaban
jd,jadi
jdi,jadi
jdinya,jadinya
jdny,jadinya
jdnya,jadinya
je,kenapa sih
jeblog,jeblok
jelas2,jelas-jelas
jelasinnnnnnn,jelasin
jelasss,jelas
jelassss,jelas
jelasssss,jelas
jelassssss,jelas
jeleeeek,jelek
jeleeekkkk,jelek
jelek2,jelek-jelek
jelekk,jelek
jelekkk,jelek
jelekkkk,jelek
jelekkkkkk,jelek
jelkkkk,jelek
jempu,jemput
jepat,cepat
jg,juga
jga,juga
jgan,jangan
jgn,jangan
jgn2,jangan-jangan
jkrt,jakarta
jkrta,jakarta
jlan,jalan
jlas,jelas
jlk,jelek
jlkk,jelek
jln,jalan
jls,jelas
jm,jam
jmpt,jemput
jmput,jemput
jng,jangan
jngan,jangan
jngn,jangan
jobbb,job
jobs,job
jooozzzz,jos
joos,jos
joosss,jos
joosssss,jos
jop,job
joss,jos
josss,jos
jossss,jos
josssshhhh,jos
jossssssss,jos
joz,jos
jozz,jos
jozzz,jos
jozzzz,jos
jrak,jarak
jt,juta
jth,jatuh
jugaa,juga
k,ke
kacauuu,kacau
kadang2,kadang-kadang
kaga,nggak
kagak,gak
kagi,lagi
kaka,kakak
kakk,kak
kalikaya,kali kaya
kalk,kalau
kallo,kalau
kalo,kalau
kalsu,kalau
kamain,lamain
kamii,kami
kangen2an,kangen-kangenan
kapooook,kapok
karna,karena
karyawanya,karyawannya
kasi,kasih
kasianndriber,kasian driver
kasii,kasih
kastamer,customer
kastemer,customer
kastemr,customer
kata2,kata-kata
kata2in,kata-katain
katany,katanya
kbnyakn,kebanyakan
kburu,keburu
kdang,kadang
kdg,kadang
kdng,kadang
kebanyakn,kebanyakan
keburu2,keburu-buru
kecewaa,kecewa
kecewaaa,kecewa
kecewaaaa,kecewa
kecewaaaaa,kecewa
kecewaaaaaa,kecewa
kecewe,kecewa
kedpn,ke depan
keduakali,kedua kali
kejadian2,kejadian-kejadian
kejkt,ke jakarta
kekampung2,ke kampung-kampung
kelaperannn,kelaparan
kelar2,kelar-kelar
kelazzzz,kelaz
keluar2,keluar-keluar
kemana2,kemana-mana
kemanapunnn,kemanapun
kembaliiinnnnn,kembaliin
kenapaasi,kenapa sih
kencel,cancel
kendalla,kendala
kenpa,kenapa
kensel,cancel
kereeeeen,keren
kereeeen,keren
kereeen,keren
kereen,keren
kerenn,keren
kerennn,keren
kerennnn,keren
kerjaaaaaaa,kerja
kerreennn,keren
kers,keras
kesall,kesal
keseeell,kesel
kesell,kesel
kesellll,kesel
kesellllll,kesel
kesian,kasian
keterlalluan,keterlaluan
ketikasesuain,ketidaksesuaian
ketitik,ke titik
ketuaaa,ketua
kg,nggak
kh,kah
khan,kan
kikirrr,kikir
kilatt,kilat
kinjaaaaa,kinja
kira2,kira-kira
kitaa,kita
kjar,kejar
kl,kalau
klao,kalau
klaperan,kelaperan
klau,kalau
klaupun,kalaupun
klean,kalian
kli,kali
kliru,keliru
klk,kalau
klmaan,kelamaan
klo,kalau
klopun,kalaupun
klou,kalau
klr,kelar
klu,kalau
kluar,keluar
kluarga,keluarga
klw,kalau
klwatan,kelewatan
km,kamu
kmana,kemana
kmn2,kemana-mana
kmna,kemana
kmna2,kemana-mana
kmnmn,kemana-mana
kmren,kemaren
kmrin,kemarin
kmrn,kemaren
kmrn2,kemarin-kemarin
kn,kan
knapa,kenapa
kndala,kendala
knp,kenapa
knp2,kenapa-kenapa
knpa,kenapa
ko,kok
kocakk,kocak
kompirmasi,konfirmasi
kompormsi,konfirmasi
konek2,konek-konek
konsumem,konsumen
konyollll,konyol
koq,kok
kostumer,customer
kota2,kota-kota
kp,kampung
kpd,kepada
kpn,kapan
krder,order
kren,keren
krena,karena
krg,kurang
kritisss,kritis
krja,kerja
krn,karena
krna,karena
krta,kereta
ksh,kasih
kshn,kasihan
ksih,kasih
ktanya,katanya
ktemu,ketemu
ktika,ketika
ktmu,ketemu
ktny,katanya
ktnya,katanya
ktr,kantor
ktutupan,ketutupan
kuato,kuota
kueren,keren
kumplit,komplit
kurangy,kurangnya
kureng,kurang
kurg,kurang
kurleb,kurang lebih
kwnyamqnan,kenyamanan
ky,kaya
kya,kayak
kyk,kayak
kyknya,kayaknya
la,lah
laen,lain
lag,lagi
lageee,lagi
lagi2,lagi-lagi
lagii,lagi
lagiii,lagi
lagiiii,lagi
lagiuntuk,lagi untuk
lahh,lah
lahhh,lah
lahj,lah
lainn,lain
laju2,laju-laju
lakai,pakai
lalbar,kalbar
lama2,lama-lama
lama2in,lama-lamain
lamaa,lama
lamaaa,lama
lamaaaa,lama
lamaaaaa,lama
lamaaaaaa,lama
lamaaaaaaaa,lama
lamaaaaaaaaa,lama
lamanyaa,lamanya
lamasudah,lama sudah
lambatttt,lambat
lamgsung,langsung
lancaarr,lancar
lancar2,lancar-lancar
lancarrr,lancar
lapah,lapar
laparrrrrrrrrr,lapar
lapee,laper
laper2,laper-laper
laper2nya,lapar-laparnya
larya,karya
lasung,langsung
latter,later
layana,layanan
layananya,layanannya
lbh,lebih
lbih,lebih
lebh,lebih
lebihh,lebih
lebihj,lebih
leleeeeeet,lelet
lemgkap,lengkap
lemod,lemot
lemoooottttt,lemot
lemooot,lemot
lemott,lemot
lemut,lemot
lengkaaap,lengkap
lewar,lewat
lg,lagi
lgi,lagi
lgs,langsung
lgsg,langsung
lgsng,langsung
lgsug,langsung
lh,lah
lha,lah
lho,loh
ligkungn,lingkungan
lm,lama
lma,lama
lmyan,lumayan
lmyn,lumayan
lncar,lancar
lngganan,langganan
lngkp,lengkap
lngsg,langsung
lngsng,langsung
loading2,loading-loading
loadinggggggggg,loading
loding,loading
loginn,login
lohh,loh
lohhh,loh
lom,belum
lomoottt,lemot
looh,loh
louvvv,love
lovee,love
lsg,langsung
lumajanh,lumajang
lup,lupa
lupo,lupa
luv,love
luvv,love
luvvv,love
lwama,lama
lwpn,walaupun
lwt,lewat
ma,sama
maaantab,mantap
maakin,makin
maalh,malah
maantaap,mantap
maav,maaf
macet2,macet-macet
maf,maaf
mahaaaaallllll,mahal
mahaaaal,mahal
mahaal,mahal
mahal2,mahal-mahal
mahall,mahal
mahalll,mahal
mahallll,mahal
mahalllll,mahal
mahsa,masya
main2,main-main
mak2,ibu-ibu
makanannyaa,makanannya
makann,makan
makasi,makasih
makasihh,makasih
makasii,makasih
makasiih,makasih
makasiii,makasih
makasyiiii,makasih
make,pakai
makek,pakai
makenya,pakainya
maks,maksimal
maksdnya,maksudnya
maksih,makasih
maksii,makasih
mala,malah
malag,malah
malahh,malah
malassss,malas
malem2,malam-malam
maless,malas
malessss,malas
malessssin,malesin
malesssss,malas
malqh,malah
malu2in,malu-maluin
mana2,mana-mana
manajement,management
manatap,mantap
mangkin,mungkin
manja2,manja-manja
manta,mantap
mantaaaaapppp,mantap
mantaaaaapssssss,mantap
mantaaaap,mantap
mantaaaapppp,mantap
mantaaaapppppp,mantap
mantaaabbb,mantap
mantaaap,mantap
mantaaapp,mantap
mantaaappp,mantap
mantaab,mantap
mantaap,mantap
mantaapp,mantap
mantaappp,mantap
mantab,mantap
mantabb,mantap
mantabbb,mantap
mantabbbbbbb,mantap
mantabeg,mantap banget
mantabf,mantap
mantabh,mantap
mantabs,mantap
mantabsss,mantap
mantaf,mantap
mantaff,mantap
mantafff,mantap
mantaffff,mantap
mantapks,mantap
mantapp,mantap
mantappp,mantap
mantapppp,mantap
mantappppp,mantap
mantapppppp,mantap
mantapppppppppppp,mantap
mantapppss,mantap
mantaps,mantap
mantav,mantap
mantb,mantap
mantchaaap,mantap
manteb,mantap
mantef,mantap
manteo,mantap
mantep,mantap
manteppp,mantap
manteps,mantap
mantoel,mantap
mantul2,mantul-mantul
mantull,mantul
mantulll,mantul
mantullll,mantul
mantuuulllll,mantul
mao,mau
mapp,map
marah2,marah-marah
masaa,masa
masaaaaa,masa
masi,masih
mask,masa
maslaah,masalah
masukanya,masukannya
masukkan,masukan
masuuk,masuk
matab,mantap
mati2,mati-mati
maw,mau
mawu,mau
maxxx,maxim
mdh,mudah
mebayar,membayar
mebela,membela
mecemana,gimana
mehong,mahal
memabantu,membantu
membalkan,membatalkan
membantuu,membantu
membatalakan,membatalkan
membatu,membantu
membntu,membantu
membtlkn,membatalkan
memdimg,mending
mempantau,memantau
memuaskn,memuaskan
memudahkn,memudahkan
mencari2,mencari-cari
mengecewakannn,mengecewakan
mengeluhhh,mengeluh
mengguakan,menggunakan
menggunakam,menggunakan
menggunkan,menggunakan
menghabis2kan,menghabis-habiskan
mengjukan,mengajukan
mengunkn,menggunakan
meniit,menit
mennt,menanti
mentang2,mentang-mentang
menuh2,menuh-menuh
meressse,meres
merrkq,mereka
mesikuo,meskipun
mf,maaf
mga,semoga
mgkin,mungkin
mgkn,mungkin
mh,mah
mhn,mohon
mibyak,minyak
milih2,milih-milih
minkirin,mikirin
minnn,min
minta2,minta-minta
minuss,minus
misl,misal
mitra2,mitra-mitra
mitraaa,mitra
mjd,menjadi
mkan,makan
mkin,makin
mkn,makan
mknan,makanan
mknanan,makanan
mknn,makanan
mks,makasih
mksa,maksa
mksh,makasih
mksih,makasih
mlah,malah
mlenceng,melenceng
mles,males
mlh,malah
mlm,malam
mls,malas
mlu,mulu
mmbantu,membantu
mmbntu,membantu
mmg,memang
mmh,mamah
mmudahkan,memudahkan
mn2,mana-mana
mna,mana
mnding,mending
mndpari,mendapati
mndpati,mendapati
mndpt,mendapat
mnemukn,menemukan
mnit,menit
mnja,manja
mnjadi,menjadi
mnjengkelkan,menjengkelkan
mnjmn,menjamin
mnt,minta
mnta,minta
mntap,mantap
mntep,mantap
mntng2,mentang-mentang
mntp,mantap
mntull,mantul
mnyiapkan,menyiapkan
mo,mau
mobilx,mobilnya
moga,semoga
mreka,mereka
mrk,mereka
mrnggunakan,menggunakan
mrsa,merasa
msa,masa
msak,masa
msen,pesan
msh,masih
msih,masih
mslh,masalah
msti,mesti
msuk,masuk
mtappp,mantap
mter,meter
mtor,motor
mtr,motor
muahal,mahal
muantapppp,mantap
muantapzz,mantap
muanteep,mantap
muantuul,mantul
mucul,muncul
muda2,muda-muda
mudah2an,mudah-mudahan
mudha,mudah
mulu,terus
mulussss,mulus
muluu,mulu
muncul2,muncul-muncul
muraaahhhh,murah
murahhh,murah
mureehhh,murah
mutar2,muter-muter
muteer,muter
muter2,muter-muter
muterrr,muter
mw,mau
mwmbantu,membantu
myambung2,nyambung-nyambung
n,dan
naek,naik
nagih2,nagih-nagih
nais,nice
nambung,nabung
nanggung2,nanggung-nanggung
napa,kenapa
napasi,kenapa sih
natik,narik
nd,nggak
nda,nggak
ndak,nggak
ndda,nggak
ndk,nggak
nelpn,nelpon
nembak2,nembak-nembak
nga,nggak
ngak,nggak
ngancam2,ngancam-ngancam
ngantaranya,ngantarnya
ngapa,kenapa
ngasi,ngasih
ngasii,ngasih
ngbil,ngambil
ngebabtu,ngebantu
ngeluhh,ngeluh
ngeri2,ngeri-ngeri
ngg,nggak
ngga,nggak
nggga,nggak
nggk,nggak
ngjebak,ngejebak
ngk,nggak
ngnter,nganter
ngoder,ngorder
ngomel2,ngomel-ngomel
ngotakkk,ngotak
ngrubah2,ngerubah-rubah
ngrugiin,ngerugiin
ngsh,ngasih
ngulur2,ngulur-ngulur
nhe,nge
ni,nih
nicee,nice
nie,nih
nihh,nih
nmr,nomor
nnti,nanti
nolllll,nol
nomr,nomor
normal2,normal-normal
notif2,notif-notif
notif2nya,notif-notifnya
notip,notif
ntap,mantap
ntaps,mantap
ntapsss,mantap
nth,ntah
nti,nanti
nua,nya
nunggi,nunggu
nunggu2,nunggu-nunggu
nunghu,nunggu
nungu,nunggu
ny,nya
nyaa,nya
nyaaa,nya
nyaaaa,nya
nyaaaaaa,nya
nyamann,nyaman
nyampek,nyampai
nyampeknya,sampainya
nyantol2,nyantol-nyantol
nyari2,nyari-nyari
nyaro,nyari
nyasarr,nyasar
nyekelk,nyekek
nympe,nyampe
nympek,sampai
oerbaiki,perbaiki
ojekk,ojek
ojk,ojek
ojl,ojol
ok,oke
okay,oke
oke2,oke-oke
okee,oke
okeee,oke
okeeeee,oke
okeehh,oke
okeeyy,oke
okeh,oke
okehh,oke
okey,oke
okk,oke
okkk,oke
okok,oke-oke
okt,oktober
oleeh,oleh
ongkisnya,ongkirnya
ongkod,ongkod
ongkosndriver,ongkos driver
ongskus,ongkos
op,operator
orang2,orang-orang
ordr,order
ordran,orderan
orfer,order
org,orang
orng,orang
padah,padahal
padahall,padahal
padahan,padahal
padahl,padahal
padal,padahal
padhal,padahal
pagi2,pagi-pagi
pake,pakai
pakek,pakai
paketttt,paket
pakk,pak
palagi,apalagi
paraaaaah,parah
paraaaah,parah
paraaaahhh,parah
paraah,parah
parahh,parah
parahhh,parah
parahhhh,parah
parahhhhh,parah
param,para
parrah,parah
paru2,paru-paru
pastiny,pastinya
paya,payah
payaaaaah,payah
payahh,payah
payahhh,payah
payletr,paylater
pd,pada
pda,pada
pdahal,padahal
pdhal,padahal
pdhl,padahal
pecus,becus
peesen,pesan
peeut,perut
pegawe,pegawai
pelanyan,pelayanan
pelayaaanaaaannn,pelayanan
pelayaanaan,pelayanan
pelayananya,pelayanannya
pembayaaran,pembayaran
pemberihatuan,pemberitahuan
pembyrann,pembayaran
pencey,pencet
pendapatn,pendapatan
penerina,penerima
pengantarkuh,pengantar aku
pengataran,pengantaran
penjmptn,penjemputan
penting2,penting-penting
peofesional,profesional
perbaik2,perbaiki-perbaiki
pergi2,pergi-pergi
perihal2,perihal-perihal
perjalan,perjalanan
perjlnan,perjalanan
perlahan2,perlahan-lahan
perna,pernah
pernsh,pernah
perusaanku,perasaanku
perusahan,perusahaan
pesannan,pesanan
pesean,pesan
pesem,pesen
pesenam,pesenan
pesenan,pesanan
peyalayanan,pelayanan
pgi,pagi-pagi
pgn,pengin
pickuup,pick up
pidah,pindah
pihaj,pihak
pilih2,pilih-pilih
pindh,pindah
pitur,fitur
pk,pak
pkai,pakai
pke,pakai
pkek,pakai
pkkoknya,pokoknya
pkonya,pokoknya
playstor,play store
pleaseee,please
plg,paling
pliss,plis
plisss,please
plng,pulang
plosik,plosok
pls,plis
plsssss,please
pluss,plus
plusss,plus
plussss,plus
pmbayaran,pembayaran
pmbeli,pembeli
pndah,pindah
pneluaran,pengeluaran
pngeluaran,pengeluaran
pngn,pengin
pnh,pernah
pnjm,pinjam
pnumpng,penumpang
pny,punya
pnya,punya
pokk,pokoknya
poko,pokok
pokoknyaa,pokoknya
pokoknyaaa,pokoknya
pokoknyaaaa,pokoknya
pokokx,pokoknya
pokokya,pokoknya
pokonya,pokoknya
polll,pol
pollll,pol
pollll ,pol
polllllll,pol
pollllllllll,pol
pondah,pindah
pooll,pol
potonganya,potongannya
prahnya,parahnya
prhatikan,perhatikan
priksain,periksain
prmo,promo
prnh,pernah
promo2,promo-promo
promonya,promonya
promonyaa,promonya
promoo,promo
promooo,promo
prose,proses
psen,pesan
psenan,pesanan
psn,pesan
puass,puas
puasss,puas
puassss,puas
pucer,voucher
pulangg,pulang
puooool,pol
pura2,pura-pura
putar2,putar-putar
q,aku
qriss,qris
rahma,ramah
ramaah,ramah
ramah2,ramah-ramah
ramah2nya,ramah-ramahnya
ramahh,ramah
ramahhh,ramah
rame,ramai
rata2,rata-rata
rating2,rating-rating
ratting,rating
rb,ribu
rban,ribuan
rbu,ribu
recoment,recomend
refound,refund
rekomendet,recommended
rekomet,rekomen
resaign,resign
reseee,rese
resfeck,respek
resfon,respon
resro,resto
resto2,resto-resto
restonnya,resto nya
reting,rating
rezeqi,rezeki
ribet2,ribet-ribet
ribettttt,ribet
ribgan,ringan
ribuk,ribu
ribuuuuuuuu,ribu
riliss,rilis
rintik2,rintik-rintik
rispon,respon
rmh,rumah
rubah2,rubah-rubah
rugiwaktulah,rugi waktu lah
rumaj,rumah
ruwettr,ruwet
saat2,saat-saat
sabgat,sangat
sagar,sangat
sagat,sangat
sagt,sangat
sajaa,saja
sajaaa,saja
sama2,sama-sama
samapai,sampai
samasekali,sama sekali
samgat,sangat
samhat,sangat
samoe,sampai
sampa,sampai
sampahh,sampah
sampahhhhh,sampah
sampai2,sampai-sampai
sampe2,sampai-sampai
sampek,sampai
sampenya,sampainya
sampk,sampai
samppagghh,sampah
sampqi,sampai
samsek,sama sekali
sando,saldo
sanga,sangat
sangaat,sangat
sangaatt,sangat
sangan,sangat
sangar,sangat
sangat2,sangat-sangat
sangatt,sangat
sangdi,sanksi
sanggar,sangat-sangat
sanggat,sangat
sangsii,sanksi
sangt,sangat
sanjung2,sanjung-sanjung
sata,saya
sayaa,saya
sayasekali,saya sekali
sbar,sabar
sbenarnya,sebenarnya
sberapa,seberapa
sbgai,sebagai
sblah,sebelah
sblh,sebelah
sblm,sebelum
sblmnya,sebelumnya
sbnrnya,sebenarnya
sbnyak,sebanyak
scann,scan
sdah,sudah
sdg,sedang
sdgkn,sedangkan
sdh,sudah
sdng,sedang
sdngkan,sedangkan
seakan2,seakan-akan
sebaliknyaa,sebaliknya
sebeell,sebel
sebesar2nya,sebesar-besarnya
sebluanan,sebulanan
sebrapa,seberapa
sedihh,sedih
seepp,sip
sehari2,sehari-hari
sehat2,sehat-sehat
sehri,sehari
sejamm,sejam
sekalii,sekali
sekaliii,sekali
sekaliiiii,sekali
sekalu,sekali
sekaranggg,sekarang
sekaranh,sekarang
sekem,scam
seklai,sekali
seklaii,sekali
sekli,sekali
sekrang,sekarang
sekrg,sekarang
sekrmg,sekarang
selali,sekali
selallu,selalu
selma,selama
semakiiin,semakin
semamkin,semakin
semanggat,semangat
semena2,semena-mena
semgat,semangat
semngat,semangat
sempit2,sempit-sempit
semuaa,semua
semuaaa,semua
semuany,semuanya
senag,senang
senagnyahhhh,senangnya
sendri,sendiri
senenggg,senang
seperi,seperti
sepertii,seperti
sepiha,sepihak
sepiiii,sepi
seprti,seperti
sepuluh2,sepuluh-sepuluh
serind,sering
sering2,sering-sering
sering2lah,sering-sering lah
seruuu,seru
servc,servis
serverny,servernya
servikasi,verifikasi
set3,setengah 3
sewaktu2,sewaktu-waktu
sgat,sangat
sgera,segera
sgt,sangat
sgt2,sangat-sangat
sgtu,segitu
shg,sehingga
shingga,sehingga
shopi,shopee
sia2,sia-sia
sialann,sialan
siang2,siang-siang
siangn,siangan
sihh,sih
sihhh,sih
siihh,sih
siiiip,sip
siiip,sip
siiippp,sip
siiipppp,sip
siip,sip
siipp,sip
simpell,simpel
sipp,sip
sippp,sip
sipppppppp,sip
sisitem,sistem
sistemnta,sistemnya
sitem,sistem
sj,saja
sjauh,sejauh
sjnyal,sinyal
sk,suka
skali,sekalinya
skalinya,sekalinya
skarang,sekarang
skg,sekarang
skian,sekian
skitar,sekitar
sklh,sekolah
skli,sekali
skolah,sekolah
skr,sekarang
skrang,sekarang
skrg,sekarang
skrg2,sekarang-sekarang
skrng,sekarang
skrnggg,sekarang
slalu,selalu
slaluuu,selalu
slama,selama
sll,selalu
sllu,selalu
slma,selama
slmat,selamat
slu,selalu
sm,sama
sm2,sama-sama
sma,sama
smaa,sama
smakin,semakin
smangat,semangat
smanya,samanya
smg,semarang
smga,semoga
smlm,semalam
smoga,semoga
smp,sampai
smpai,sampai
smpe,sampai
smpet,sempet
smua,semua
smuanya,semuanya
smw,semua
snagat,sangat
sndiri,sendiri
sndr,sendiri
sndri,sendiri
sngat,sangat
sngat2,sangat-sangat
sngt,sangat
soalny,soalnya
sodara,saudara
sombong2,sombong-sombong
sopan2,sopan-sopan
sope,shopee
sopir,supir
sp,siapa
spam2,spam-spam
sperti,seperti
spk,apk
sprti,seperti
sprtnya,sepertinya
spt,sepertinya
srg,sering
srlama,selama
sruh,suruh
ssiipp,sip
st,stasiun
stelah,setelah
stengah,setengah
stiap,setiap
stlh,setelah
stngah,setengah
stngahnya,setengahnya
stressss,stres
stresssss,stres
stu,satu
subuh2,subuh-subuh
succes,sukses
suda,sudah
sudahmah,sudah mah
sudh,sudah
sukaa,suka
sukaaaaa,suka
sukak,suka
sukakk,suka
sukse,sukses
sumpaaaah,sumpah
sungguh2,sungguh-sungguh
sunggung,sungguh
supir2,supir-supir
susaaah,susah
susaah,susah
susaahhh,susah
susahh,susah
suuuiiippp,sip
swlalu,selalu
swmoga,semoga
sy,saya
sya,saya
syaa,saya
syg,sayang
system,sistem
syuka,suka
t4,tempat
taggal2,tanggal-tanggal
tahu2,tahu-tahu
takutt,takut
tampa,tanpa
tanda2,tanda-tanda
tanta,tanya
taon,tahun
tarekkkkkkk,tarik
taril,tarif
taripnya,tarifnya
tau2,tau-tau
taun2an,tahun-tahunan
tb,tiba
tb2,tiba-tiba
tba2,tiba-tiba
tbtb,tiba-tiba
td,tadi
tdi,tadi
tdk,tidak
telatt,telat
telattt,telat
telepomin,teleponin
telp,telepon
telpn,telepon
telpon,telepon
telpon2,telepon-telepon
teman2,teman-teman
tempat2,tempat-tempat
tenkyu,makasih
tepay,tepat
teransaksi,transaksi
terbaaaaaiiiiik,terbaik
terbaikk,terbaik
terbantuh,terbantu
terditeksi,terdeteksi
terimakasi,terimakasih
terimakasihh,terimakasih
terimkshi,terimakasih
terkhir,terakhir
teros,terus
tertent,tertentu
terus2an,terus-terusan
terusmah,terus mah
teruss,terus
terusss,terus
teruusss,terus
teryata,ternyata
terys,terus
testo,resto
tetbaik,terbaik
tgg,tunggu
tggu,tunggu
tgl,tanggal
tgs,tugas
tgu,tunggu
thankss,thanks
thn,tahun
thq,thanks
thx,thanks
tiba2,tiba-tiba
tibet,ribet
tida,tidak
tidaa,tidak
tidka,tidak
tipu2,tipu-tipu
tks,terimakasih
tksh,terimakasih
tkt,takut
tlf,telepon
tlg,tolong
tlng,tolong
tlong,tolong
tlp,telepon
tlpnnya,teleponnya
tlpon,telepon
tlpun,telepon
tmbahin,tambahin
tmbh,tambah
tmn,teman
tmn2,teman-teman
tmpat,tempat
tmpt,tempat
tnggal,tinggal
tnggu,tunggu
tngh,tengah
tnp,tanpa
tntg,tentang
toling,tolong
toll,tol
tololll,tolol
tolooooonggggg,tolong
toooopppppp,top
toop,top
toped,tokped
topks,tops
topp,top
topppp,top
tp,tapi
tpi,tapi
tpln,telepon
tpu2,tipu-tipu
tq,terimakasih
transfort,transport
transfortasi,transportasi
transortasi,transportasi
transpor,transportasi
trbantu,terbantu
trima,terima
trimakasi,terimakasih
trimakasih,terimakasih
trimkasi,terima kasih
trimkasih,terima kasih
trimksih,terimakasih
trims,terima kasih
trkadang,terkadang
trkait,terkait
trll,terlalu
trllu,terlalu
trlnjr,terlanjur
trm,terima
trma,terima
trmks,terimakasih
trmksh,terimakasih
trms,terimakasih
trmsk,termasuk
trnyata,ternyata
trnyta,ternyata
troma,trauma
tros,terus
trs,terus
trus,terus
trus2an,terus-terusan
truss,terus
trz,terus
tsb,tersebut
ttep,tetap
ttg,tentang
ttp,tetap
ttup,tutup
tudak,tidak
tuhannnn,tuhan
tuhhh,tuh
tuhhhh,tuh
tunggu2,tunggu-tunggu
tyus,terus
ud,udah
uda,udah
udh,udah
udj,udah
ugal2an,ugal-ugalan
ujan,hujan
ujan2,ujan-ujan
ujg2nya,ujung-ujungnya
ujuang2nya,ujung-ujungnya
ujung2,ujung-ujung
ujung2nya,ujung-ujungnya
ulur2,ulur-ulur
uninstal,uninstall
unisntal,uninstall
unninstal,uninstall
unstal,uninstall
unt,untuk
untk,untuk
ununstall,uninstall
upadte,update
updet,update
urusa,urusan
ush,usah
utk,untuk
veri,very
verif,verifikasi
veritif,verifikasi
vermuk,verifikasi muka
vermuknya,verifikasi mukanya
vermuxnya,verifikasi mukanya
vertipikasinya,verifikasinya
vocer,voucher
vocernya,vouchernya
vocher,voucher
voucer,voucher
wahh,wah
wakty,waktu
walopun,walaupun
wanggi,wangi
was2,was-was
whtasapnya,whatsapp nya
wjrlah,wajarlah
wkt,waktu
wktu,waktu
wkwkkk,wkwkwk
wlaupun,walaupun
woke,oke
wokeeeee,woke
woyyy,woy
woyyyyyy,woy
wqktu,waktu
x,kali
y,nya
yaa,ya
yaaa,ya
yaaaa,ya
yaaaaaw,yaw
yakk,ya
yamg,yang
yanb,yang
yangbl,yang
yangg,yang
yanh,yang
yaudahhhh,yaudah
yeeeeedriver,ye driver
yg,yang
yh,yah
yng,yang
youuu,you
yusahin,nyusahin
zonkkk,zonk